dataset_name	score_set_urn	requested_calibration_urn
ASPA_Grønbæk-Thygesen_2024_abundance	urn:mavedb:00000657-a-1	
ASPA_Grønbæk-Thygesen_2024_toxicity	urn:mavedb:00000657-b-1	
BAP1_Waters_2024	urn:mavedb:00000662-0-1	
BARD1_IGVF	urn:mavedb:00001250-a-2	
BRCA1_Adamovich_2022_Cisplatin_Resistance	urn:mavedb:00001222-a-2	
BRCA1_Adamovich_2022_HDR	urn:mavedb:00001222-b-2	
BRCA1_Findlay_2018	urn:mavedb:00000097-0-2	
BRCA2_Hu_2024	urn:mavedb:00001224-a-1	
BRCA2_IGVF	urn:mavedb:00001263-a-2	
BRCA2_Sahu_2023_exon13_Cisplatin_Resistance	urn:mavedb:00001268-a-1	
BRCA2_Sahu_2023_exon13_global_score	urn:mavedb:00001268-0-1	
BRCA2_Sahu_2023_exon13_Olaparib_Resistance	urn:mavedb:00001268-b-1	
BRCA2_Sahu_2023_exon13_SGE	urn:mavedb:00001268-c-1	
BRCA2_Sahu_2025_SGE	urn:mavedb:00001242-a-1	
CALM1_CALM2_CALM3_Weile_2017	urn:mavedb:00000001-c-1	
CARD11_Meitlis_2020_SGE_Ibrutinib_GoF	urn:mavedb:00001226-b-1	
CARD11_Meitlis_2020_SGE_LoF	urn:mavedb:00001226-a-1	
CBS_Sun_2020_high_B6	urn:mavedb:00000005-a-6	
CBS_Sun_2020_low_B6	urn:mavedb:00000005-a-5	
CHEK2_Gebbia_2024	urn:mavedb:00001205-a-1	
CRX_Shepherdson_2024	urn:mavedb:00001227-a-2	
CTCF_IGVF	urn:mavedb:00001262-a-3	
DDX3X_Radford_2023	urn:mavedb:00001228-a-1	
F9_Popp_2025_carboxy_F9_specific	urn:mavedb:00001200-d-1	
F9_Popp_2025_carboxy_gla_motif	urn:mavedb:00001200-e-1	
F9_Popp_2025_heavy_chain	urn:mavedb:00001200-b-1	
F9_Popp_2025_light_chain	urn:mavedb:00001200-c-1	
F9_Popp_2025_model	urn:mavedb:00001200-0-1	
F9_Popp_2025_strep_2	urn:mavedb:00001200-a-1	
FKRP_Ma_2024	urn:mavedb:00001197-a-5	
G6PD_IGVF	urn:mavedb:00001266-b-1	
GCK_Gersing_2023_complementation	urn:mavedb:00000096-a-1	
GCK_Gersing_2024_abundance	urn:mavedb:00000096-b-1	
HMBS_van_Loggerenberg_2023_combined	urn:mavedb:00000108-0-1	
HMBS_van_Loggerenberg_2023_erythroid	urn:mavedb:00000108-b-1	
HMBS_van_Loggerenberg_2023_ubquitous	urn:mavedb:00000108-a-1	
JAG1_Gilbert_2024	urn:mavedb:00001198-a-1	
KCNE1_Muhammad_2024_potassium_flux	urn:mavedb:00000674-b-1	
KCNE1_Muhammad_2024_trafficking	urn:mavedb:00000674-c-1	
KCNE1_Muhammad_2024_trafficking_WT_background_DN	urn:mavedb:00000674-a-2	
KCNH2_Jiang_2022	urn:mavedb:00001230-a-2	
KCNH2_Kozek_Glazer_2020	urn:mavedb:00001229-a-2	
KCNH2_O_Neill_2024_surface_expression	urn:mavedb:00001231-a-2	
KCNQ4_Zheng_2022_current_homozygous	urn:mavedb:00000094-a-2	
KCNQ4_Zheng_2022_v12_homozygous	urn:mavedb:00000094-a-3	
LARGE1_Ma_2024	urn:mavedb:00001254-a-1	
MSH2_Jia_2021	urn:mavedb:00000050-a-1	
NDUFAF6_Sung_2024	urn:mavedb:00000663-a-1	
OTC_Lo_2023	urn:mavedb:00000112-a-1	
PALB2_IGVF	urn:mavedb:00001259-a-2	
PAX6_McDonnell_2024_BLX_geneticin	urn:mavedb:00000665-b-1	
PAX6_McDonnell_2024_BLX_no_geneticin	urn:mavedb:00000665-d-1	
PAX6_McDonnell_2024_LE9_geneticin	urn:mavedb:00000665-a-1	
PAX6_McDonnell_2024_LE9_no_geneticin	urn:mavedb:00000665-c-1	
PTEN_Matreyek_2018	urn:mavedb:00000013-a-1	urn:mavedb:calibration-cf13bd46-8510-4373-8a4d-7d15b90cdab1
PTEN_Mighell_2018	urn:mavedb:00000054-a-1	
RAD51C_Olvera-León_2024	urn:mavedb:00000673-0-1	
RAD51D_IGVF	urn:mavedb:00001260-a-2	
RHO_Wan_2019	urn:mavedb:00000099-a-1	
SCN5A_Glazer_2020	urn:mavedb:00000098-a-2	
SCN5A_Ma_2024	urn:mavedb:00001233-a-1	
SFPQ_IGVF	urn:mavedb:00001265-a-2	
SGCB_Li_2023	urn:mavedb:00000659-a-1	
TARDBP_Bolognesi_Faure_2019	urn:mavedb:00000060-a-1	
TARDBP_Bolognesi_Faure_2019	urn:mavedb:00000060-a-2	
TP53_Boettcher_2019	urn:mavedb:00001235-a-1	
TP53_Fayer_2021_meta	urn:mavedb:00001236-0-1	
TP53_Fortuno_2021	urn:mavedb:00001234-0-1	
TP53_Giacomelli_2018_combined_score	urn:mavedb:00000068-0-1	
TP53_Giacomelli_2018_p53null_etoposide	urn:mavedb:00000068-c-1	
TP53_Giacomelli_2018_p53null_Nutlin3	urn:mavedb:00000068-b-1	
TP53_Giacomelli_2018_p53WT_Nutlin3	urn:mavedb:00000068-a-1	
TP53_Kato_2003_AIP1nWT	urn:mavedb:00001234-e-1	
TP53_Kato_2003_BAXnWT	urn:mavedb:00001234-c-1	
TP53_Kato_2003_GADD45nWT	urn:mavedb:00001234-f-1	
TP53_Kato_2003_h1433snWT	urn:mavedb:00001234-d-1	
TP53_Kato_2003_MDM2nWT	urn:mavedb:00001234-b-1	
TP53_Kato_2003_NOXAnWT	urn:mavedb:00001234-g-1	
TP53_Kato_2003_P53R2nWT	urn:mavedb:00001234-h-1	
TP53_Kato_2003_WAF1nWT	urn:mavedb:00001234-a-1	
TPK1_Weile_2017	urn:mavedb:00001251-a-1	
TSC2_IGVF	urn:mavedb:00001267-0-2	
VHL_Buckley_2024	urn:mavedb:00000675-a-1	
XRCC2_IGVF	urn:mavedb:00001264-a-2	
BRCA2_Huang_2025_SGE	urn:mavedb:00001279-a-1	
CHEK2_McCarthy-Leo_2024	urn:mavedb:00001280-a-1	
LDLR_Tabet_2025_uptake	urn:mavedb:00001269-a-1	
LDLR_Tabet_2025_abundance	urn:mavedb:00001269-b-1	
LDLR_Tabet_2025_presence_VLDL	urn:mavedb:00001269-c-1	
PALB2_Boonen_2026	urn:mavedb:00001278-a-1	
PALB2_Boonen_2026_SGE	urn:mavedb:00001278-b-1	
TP53_Funk_2025	urn:mavedb:00001277-a-1	
